{"baseline": 5.236113582999678, "close_0": 5.236117632004607, "open_0": 8.26716158700583, "close_1": 11.189713974003098, "open_1": 14.208576214005006, "close_2": 17.13093080800172, "open_2": 20.16015854500438}