{"baseline": 5.20419760599907, "close_0": 5.204201895998267, "open_0": 8.223691385996062, "close_1": 11.145890081999823, "open_1": 14.164994090999244, "close_2": 17.08794361600303, "open_2": 20.107043502001034}