{"baseline": 5.208288228001038, "close_0": 5.208292408999114, "open_0": 8.238996430998668, "close_1": 11.161925378000888, "open_1": 14.201925606001168, "close_2": 17.125395374001528, "open_2": 20.1542298830027}