{"baseline": 5.212228734002565, "close_0": 5.212233284000831, "open_0": 8.242999868998595, "close_1": 11.155268672999227, "open_1": 14.173718771002314, "close_2": 17.086271760999807, "open_2": 20.115385022996634}