{"baseline": 5.190793585003121, "close_0": 5.19079802500346, "open_0": 8.222577360997093, "close_1": 11.14427766299923, "open_1": 14.174387897997804, "close_2": 17.096352692999062, "open_2": 20.11506917099905}