{"baseline": 5.20633214800182, "close_0": 5.206336292001652, "open_0": 8.236530975998903, "close_1": 11.148669082002016, "open_1": 14.168318755997461, "close_2": 17.090734311001142, "open_2": 20.120120824998594}