{"baseline": 5.192476342999726, "close_0": 5.192480608995538, "open_0": 8.212312051997287, "close_1": 11.134765760994924, "open_1": 14.164384108997183, "close_2": 17.086976073995174, "open_2": 20.10573337599635}