{"baseline": 5.193991102998552, "close_0": 5.1940125490000355, "open_0": 8.224758541000483, "close_1": 11.136874700998305, "open_1": 14.166037667004275, "close_2": 17.099418400001014, "open_2": 20.128557693999028}