{"baseline": 5.181802812992828, "close_0": 5.181807216999005, "open_0": 8.2119343939994, "close_1": 11.13434390299517, "open_1": 14.164104928997403, "close_2": 17.08620357199834, "open_2": 20.126971983998374}