{"baseline": 5.191186851996463, "close_0": 5.191191934995004, "open_0": 8.221880765995593, "close_1": 11.13511290599854, "open_1": 14.163314557998092, "close_2": 17.07588358799694, "open_2": 20.105862526994315}