{"baseline": 5.191392382999766, "close_0": 5.191396598005667, "open_0": 8.21213146700029, "close_1": 11.1232427549985, "open_1": 14.152954381999734, "close_2": 17.06590943699848, "open_2": 20.094154424004955}