{"baseline": 5.204269519999798, "close_0": 5.204273457995441, "open_0": 8.23426874299912, "close_1": 11.15701470199565, "open_1": 14.186922274995595, "close_2": 17.10965921299794, "open_2": 20.139551189000485}