{"baseline": 5.205207517996314, "close_0": 5.205213024994009, "open_0": 8.23633687599795, "close_1": 11.158311955994577, "open_1": 14.18853789899731, "close_2": 17.09974482299731, "open_2": 20.12892059099977}