{"baseline": 5.203714059003687, "close_0": 5.203717953998421, "open_0": 8.233906319997914, "close_1": 11.156724831002066, "open_1": 14.186103972002456, "close_2": 17.10839270699944, "open_2": 20.127550055003667}