{"baseline": 5.203667697998753, "close_0": 5.203672414005268, "open_0": 8.234966249001445, "close_1": 11.146326734000468, "open_1": 14.165706870000577, "close_2": 17.07667852400482, "open_2": 20.095497954003804}