{"baseline": 5.195871217998501, "close_0": 5.195875816003536, "open_0": 8.227246408998326, "close_1": 11.138732227998844, "open_1": 14.15746034499898, "close_2": 17.070036659002653, "open_2": 20.141283796998323}