{"baseline": 5.173627183998178, "close_0": 5.173631853002007, "open_0": 8.193224032998842, "close_1": 11.126350917002128, "open_1": 14.155655297996418, "close_2": 17.06744805299968, "open_2": 20.096827740999288}