{"baseline": 5.187899144002586, "close_0": 5.187903515005019, "open_0": 8.207547479003551, "close_1": 11.162546845000179, "open_1": 14.181464216002496, "close_2": 17.10396584400587, "open_2": 20.143955586005177}