{"baseline": 5.164127552998252, "close_0": 5.164132129997597, "open_0": 8.185115788997791, "close_1": 11.108098012999108, "open_1": 14.136749659999623, "close_2": 17.059016745995905, "open_2": 20.08837573699566}