{"baseline": 5.20344987000135, "close_0": 5.203453831003571, "open_0": 8.222653654003807, "close_1": 11.134496659004071, "open_1": 14.153255053999601, "close_2": 17.077206895999552, "open_2": 20.094717995998508}