{"baseline": 5.202771914991899, "close_0": 5.202776124991942, "open_0": 8.233975606999593, "close_1": 11.16704353300156, "open_1": 14.19785602299089, "close_2": 17.11950068999431, "open_2": 20.13792238899623}