{"baseline": 5.202273073999095, "close_0": 5.20227798500855, "open_0": 8.232736449004733, "close_1": 11.144345753011294, "open_1": 14.174099285999546, "close_2": 17.096805699009565, "open_2": 20.136752407008316}