{"baseline": 5.214452300002449, "close_0": 5.214456664005411, "open_0": 8.24561356799677, "close_1": 11.167874809005298, "open_1": 14.198157181002898, "close_2": 17.119752294005593, "open_2": 20.149199684004998}