{"baseline": 5.216614197001036, "close_0": 5.216619054997864, "open_0": 8.246752735001792, "close_1": 11.170481508001103, "open_1": 14.199084984000365, "close_2": 17.111030239000684, "open_2": 20.140611066999554}