{"baseline": 5.202998633998504, "close_0": 5.203003189002629, "open_0": 8.222477221002919, "close_1": 11.146231919999991, "open_1": 14.185330174004775, "close_2": 17.108025334004196, "open_2": 20.137386825997964}