{"baseline": 5.203638539001986, "close_0": 5.203643553002621, "open_0": 8.223611396002525, "close_1": 11.135781520999444, "open_1": 14.165220170005341, "close_2": 17.08861920599884, "open_2": 20.116806727004587}