{"baseline": 5.205950139003107, "close_0": 5.205955453006027, "open_0": 8.23667035100516, "close_1": 11.191249924006115, "open_1": 14.220487346006848, "close_2": 17.1432199080009, "open_2": 20.173777349002194}