{"baseline": 5.192405882997264, "close_0": 5.1924102880002465, "open_0": 8.222710112997447, "close_1": 11.145275249000406, "open_1": 14.174899737998203, "close_2": 17.086517552997975, "open_2": 20.116397746001894}