{"baseline": 5.180856621002022, "close_0": 5.180861648004793, "open_0": 8.201576075000048, "close_1": 11.123881247003737, "open_1": 14.142470694001531, "close_2": 17.06593864699971, "open_2": 20.09454730300058}