{"baseline": 5.213775793999957, "close_0": 5.213780034999218, "open_0": 8.23354390500026, "close_1": 11.155559714999981, "open_1": 14.184919768998952, "close_2": 17.118325413001003, "open_2": 20.1486117860004}