{"baseline": 5.203052647997538, "close_0": 5.203057118000288, "open_0": 8.234574818998226, "close_1": 11.155823269000393, "open_1": 14.174463423998532, "close_2": 17.08766216799995, "open_2": 20.1160352079969}