{"baseline": 5.20447879400308, "close_0": 5.204483292000077, "open_0": 8.234108649001428, "close_1": 11.14633761100049, "open_1": 14.175244277001184, "close_2": 17.09814330000154, "open_2": 20.127312164000614}