{"baseline": 5.191919645993039, "close_0": 5.191924612998264, "open_0": 8.212120216994663, "close_1": 11.123965303995647, "open_1": 14.153351008993923, "close_2": 17.076301050998154, "open_2": 20.11579416699533}