{"baseline": 5.202108085999498, "close_0": 5.202112374994613, "open_0": 8.222178368996538, "close_1": 11.145021106996865, "open_1": 14.174178035995283, "close_2": 17.09665572999802, "open_2": 20.115609247994144}