{"baseline": 5.215205489002983, "close_0": 5.215209975998732, "open_0": 8.245327281001664, "close_1": 11.15732630900311, "open_1": 14.186622719003935, "close_2": 17.10912079099944, "open_2": 20.13863185900118}