{"baseline": 5.195884326996747, "close_0": 5.195888265996473, "open_0": 8.21629821199167, "close_1": 11.138895363998017, "open_1": 14.168416247994173, "close_2": 17.089973990994622, "open_2": 20.108653313989635}