{"baseline": 5.215753115990083, "close_0": 5.215757833997486, "open_0": 8.2474833640008, "close_1": 11.169551150000188, "open_1": 14.198470994990203, "close_2": 17.12210638799297, "open_2": 20.151410858001327}