{"baseline": 5.203231709994725, "close_0": 5.203236004992505, "open_0": 8.222919919993728, "close_1": 11.145172980992356, "open_1": 14.174884935986483, "close_2": 17.087199115994736, "open_2": 20.117064826990827}