{"baseline": 5.195803576003527, "close_0": 5.195808611999382, "open_0": 8.215659761001007, "close_1": 11.138790566001262, "open_1": 14.167200953001156, "close_2": 17.090302465003333, "open_2": 20.12047374300164}