{"baseline": 5.196090489000198, "close_0": 5.196095051003795, "open_0": 8.225508830000763, "close_1": 11.137577628003783, "open_1": 14.156984811997972, "close_2": 17.078933914999652, "open_2": 20.108352053001}