{"baseline": 5.182852361998812, "close_0": 5.182856384002662, "open_0": 8.213318424997851, "close_1": 11.136426222998125, "open_1": 14.164966661999642, "close_2": 17.087384172002203, "open_2": 20.117137483997794}