{"baseline": 5.2032382619981945, "close_0": 5.203242626001156, "open_0": 8.234968239001319, "close_1": 11.16740605999803, "open_1": 14.196426938000513, "close_2": 17.11924311599796, "open_2": 20.16024777399798}