{"baseline": 5.21399210799791, "close_0": 5.213996353999391, "open_0": 8.23518846099978, "close_1": 11.156834292996791, "open_1": 14.176486469998054, "close_2": 17.09833926799911, "open_2": 20.128326586000185}