{"baseline": 5.214393452002696, "close_0": 5.214397784002358, "open_0": 8.243401252002514, "close_1": 11.166178150000633, "open_1": 14.196624290001637, "close_2": 17.11837981899953, "open_2": 20.147804681000707}