{"baseline": 5.213120682001318, "close_0": 5.213125251000747, "open_0": 8.243271405000996, "close_1": 11.166106878001301, "open_1": 14.184647900001437, "close_2": 17.09678761900068, "open_2": 20.115294892999373}