{"baseline": 5.233786996999697, "close_0": 5.233791709997604, "open_0": 8.253495210999972, "close_1": 11.176184445997933, "open_1": 14.20554820399775, "close_2": 17.138985036999657, "open_2": 20.168213183998887}