{"baseline": 5.192424728000333, "close_0": 5.192429186998197, "open_0": 8.22221382799762, "close_1": 11.144954417999543, "open_1": 14.174161277998792, "close_2": 17.09701972199764, "open_2": 20.115584634997504}