{"baseline": 5.4715520269965054, "close_0": 5.471558099001413, "open_0": 8.59889770099835, "close_1": 11.627558536994911, "open_1": 14.762925001996337, "close_2": 17.78234938999958, "open_2": 20.90777638000145}