{"baseline": 5.465866097001708, "close_0": 5.465872474997013, "open_0": 8.590335323002364, "close_1": 11.610224691998155, "open_1": 14.734304555997369, "close_2": 17.752885674002755, "open_2": 20.879014382000605}