{"baseline": 5.482736323996505, "close_0": 5.4827418659988325, "open_0": 8.609742977998394, "close_1": 11.61728710099851, "open_1": 14.744377005998103, "close_2": 17.76131874299608, "open_2": 20.87642551099998}