{"baseline": 5.171270913000626, "close_0": 5.171275454995339, "open_0": 8.201978386998235, "close_1": 11.124569927000266, "open_1": 14.154484755999874, "close_2": 17.065723281993996, "open_2": 20.095756670998526}