{"baseline": 5.206773901998531, "close_0": 5.206778276995465, "open_0": 8.225943899000413, "close_1": 11.138748215002124, "open_1": 14.158100268999988, "close_2": 17.079699410001922, "open_2": 20.098381376999896}