{"baseline": 5.2590612470012275, "close_0": 5.259065271005966, "open_0": 8.289804479005397, "close_1": 11.20206477400643, "open_1": 14.242620837001596, "close_2": 17.165444707999995, "open_2": 20.19384684000397}