{"baseline": 5.202907418002724, "close_0": 5.202912633001688, "open_0": 8.27516566599661, "close_1": 11.187254062999273, "open_1": 14.216585707006743, "close_2": 17.13910904500517, "open_2": 20.169783753997763}