{"baseline": 5.2275130249909125, "close_0": 5.2275170469947625, "open_0": 8.259390064995387, "close_1": 11.181273708993103, "open_1": 14.210014993994264, "close_2": 17.13339945099142, "open_2": 20.1619013419986}