{"baseline": 5.191125992001616, "close_0": 5.191130442006397, "open_0": 8.222782859011204, "close_1": 11.197877963000792, "open_1": 14.227665053011151, "close_2": 17.1498076840071, "open_2": 20.17942080501234}