{"baseline": 5.212246579998464, "close_0": 5.212250930999289, "open_0": 8.242088568003965, "close_1": 11.164642068004468, "open_1": 14.183688648001407, "close_2": 17.09560813200369, "open_2": 20.114028550000512}