{"baseline": 5.236011102999328, "close_0": 5.23601541500102, "open_0": 8.256052367003576, "close_1": 11.179858360002981, "open_1": 14.207993750998867, "close_2": 17.131004704999214, "open_2": 20.160155908997694}