{"baseline": 5.202791126001102, "close_0": 5.202795527999115, "open_0": 8.233069574998808, "close_1": 11.144986245002656, "open_1": 14.175133063996327, "close_2": 17.09738372999709, "open_2": 20.126543411002785}