{"baseline": 5.181317596998269, "close_0": 5.181322152999201, "open_0": 8.212278974999208, "close_1": 11.1241476949981, "open_1": 14.142535268998472, "close_2": 17.054646155000228, "open_2": 20.074312125998404}