{"baseline": 5.204311610999866, "close_0": 5.204315797000163, "open_0": 8.23372337100227, "close_1": 11.156496073999733, "open_1": 14.18553766200057, "close_2": 17.098977649999142, "open_2": 20.12712129800275}