{"baseline": 5.152878353997949, "close_0": 5.152882562997547, "open_0": 8.183849494998867, "close_1": 11.095709364999493, "open_1": 14.124724109999079, "close_2": 17.038454636000097, "open_2": 20.066297517998464}