{"baseline": 5.2036226199998055, "close_0": 5.203626793001604, "open_0": 8.265993243003322, "close_1": 11.188125972999842, "open_1": 14.217640285001835, "close_2": 17.12972907999938, "open_2": 20.158772574999603}