{"baseline": 5.214336201999686, "close_0": 5.2143407270050375, "open_0": 8.245009425001626, "close_1": 11.156644351001887, "open_1": 14.186488188999647, "close_2": 17.109181998006534, "open_2": 20.128430843004026}