{"baseline": 5.212932065005589, "close_0": 5.212936344003538, "open_0": 8.254766944999574, "close_1": 11.176692393004487, "open_1": 14.2063719650032, "close_2": 17.12864052400255, "open_2": 20.149093932006508}