{"baseline": 5.193814624000879, "close_0": 5.193819792000795, "open_0": 8.214337150000574, "close_1": 11.136477351999929, "open_1": 14.166159329999573, "close_2": 17.077838908999183, "open_2": 20.107612051000615}