{"baseline": 5.192214103999504, "close_0": 5.192218747999505, "open_0": 8.22258256799978, "close_1": 11.145476210000197, "open_1": 14.174537482000233, "close_2": 17.087115336998977, "open_2": 20.105261237000377}