{"baseline": 5.174603593000938, "close_0": 5.17460802000096, "open_0": 8.194537703000606, "close_1": 11.117909522001355, "open_1": 14.136060140001064, "close_2": 17.04870610100079, "open_2": 20.088365010000416}