{"baseline": 5.1911455760000536, "close_0": 5.191150122998806, "open_0": 8.220995963998575, "close_1": 11.144419008998739, "open_1": 14.173022275999756, "close_2": 17.085436296998523, "open_2": 20.114560018999327}