{"baseline": 5.20569850100037, "close_0": 5.205702850998932, "open_0": 8.235016995000478, "close_1": 11.157987357999446, "open_1": 14.18725666499995, "close_2": 17.10961828499967, "open_2": 20.1391840819997}