{"baseline": 5.213879364999229, "close_0": 5.213883618998807, "open_0": 8.24461208899993, "close_1": 11.160345553998923, "open_1": 14.196442753998781, "close_2": 17.11990837799931, "open_2": 20.17237487499915}