{"baseline": 5.206100516999868, "close_0": 5.206105066998134, "open_0": 8.236822311999276, "close_1": 11.15946429199903, "open_1": 14.188419962996704, "close_2": 17.111412463997112, "open_2": 20.14080565399854}