{"baseline": 5.213982617999136, "close_0": 5.213987491999433, "open_0": 8.244814038000186, "close_1": 11.156508066000242, "open_1": 14.175225974999194, "close_2": 17.097838670000783, "open_2": 20.138066367999272}