{"baseline": 5.235372659997665, "close_0": 5.2353778119977505, "open_0": 8.266091786998004, "close_1": 11.188162952999846, "open_1": 14.21782690299733, "close_2": 17.14121793799859, "open_2": 20.1695394749986}