{"baseline": 5.474724392995995, "close_0": 5.4747307500001625, "open_0": 8.600357139999687, "close_1": 11.640902339000604, "open_1": 14.765175947002717, "close_2": 17.785157917001925, "open_2": 20.92133505699894}