{"baseline": 5.461164359003305, "close_0": 5.461169818998314, "open_0": 8.576654975004203, "close_1": 11.595418974000495, "open_1": 14.721226770001522, "close_2": 17.739745455000957, "open_2": 20.864944790002482}