{"baseline": 5.441412192994903, "close_0": 5.441419320995919, "open_0": 8.557291469995107, "close_1": 11.566292955998506, "open_1": 14.701361180996173, "close_2": 17.720315380000102, "open_2": 20.846466487993894}