{"baseline": 5.1962920329970075, "close_0": 5.196297138987575, "open_0": 8.225937988987425, "close_1": 11.137305002994253, "open_1": 14.167679004996899, "close_2": 17.08937370000058, "open_2": 20.119302778999554}