{"baseline": 5.194242681012838, "close_0": 5.194246993007255, "open_0": 8.214274187004776, "close_1": 11.136843525004224, "open_1": 14.166465094007435, "close_2": 17.07884885200474, "open_2": 20.107518740012893}