{"baseline": 5.193336311989697, "close_0": 5.193340853991685, "open_0": 8.224468406988308, "close_1": 11.136315942989313, "open_1": 14.16547540499596, "close_2": 17.08825601299759, "open_2": 20.11723570698814}