{"baseline": 5.18262909000623, "close_0": 5.182633652002551, "open_0": 8.213321588002145, "close_1": 11.135755864001112, "open_1": 14.154243714001495, "close_2": 17.06701492400316, "open_2": 20.09675175200391}