{"baseline": 5.171360988999368, "close_0": 5.171365863003302, "open_0": 8.200982513997587, "close_1": 11.155822291999357, "open_1": 14.185363394994056, "close_2": 17.107669272998464, "open_2": 20.13679001199489}