{"baseline": 5.182685093997861, "close_0": 5.182690326997545, "open_0": 8.202365060991724, "close_1": 11.125132153989398, "open_1": 14.154509380998206, "close_2": 17.06653072599147, "open_2": 20.042497447997448}