{"baseline": 5.170268393994775, "close_0": 5.1702721799956635, "open_0": 8.200589927990222, "close_1": 11.112517746994854, "open_1": 14.131746993996785, "close_2": 17.044631019991357, "open_2": 20.073903311000322}