{"baseline": 5.1920493290090235, "close_0": 5.192054265004117, "open_0": 8.222937600003206, "close_1": 11.14501115299936, "open_1": 14.163911804003874, "close_2": 17.076379631005693, "open_2": 20.10594148900418}