{"baseline": 5.187732401987887, "close_0": 5.187738032997004, "open_0": 8.218526513999677, "close_1": 11.13137195399031, "open_1": 14.160857615992427, "close_2": 17.072870780990343, "open_2": 20.112719590993947}