{"baseline": 5.203457668991177, "close_0": 5.2034624019870535, "open_0": 8.234008018000168, "close_1": 11.15661692499998, "open_1": 14.186190387990791, "close_2": 17.109393882987206, "open_2": 20.13809882599162}