{"baseline": 5.204793684009928, "close_0": 5.20479948099819, "open_0": 8.220750079999561, "close_1": 11.133808448008494, "open_1": 14.161921671999153, "close_2": 17.074654381009168, "open_2": 20.103440355000203}