{"baseline": 5.18220128500252, "close_0": 5.182206122000935, "open_0": 8.21262157500314, "close_1": 11.134804226996494, "open_1": 14.154542730000685, "close_2": 17.066281375999097, "open_2": 20.106800398993073}