{"baseline": 5.218202185998962, "close_0": 5.218206767000083, "open_0": 8.248089453998546, "close_1": 11.17100089899759, "open_1": 14.199958593999327, "close_2": 17.12325109700032, "open_2": 20.16262442599691}