{"baseline": 5.16193313599797, "close_0": 5.1619380970005295, "open_0": 8.203888320997066, "close_1": 11.126091564001399, "open_1": 14.155901534002624, "close_2": 17.067381380998995, "open_2": 20.097429697001644}