{"baseline": 5.216082809998625, "close_0": 5.216087658998731, "open_0": 8.246652196998184, "close_1": 11.168406249998952, "open_1": 14.198295179001434, "close_2": 17.109538148000865, "open_2": 20.128538085999025}