{"baseline": 5.191557183999976, "close_0": 5.191562004998559, "open_0": 8.211733408999862, "close_1": 11.134459249999054, "open_1": 14.163498893998621, "close_2": 17.075809499998286, "open_2": 20.10623822100024}