{"baseline": 5.214298386999872, "close_0": 5.214302871001564, "open_0": 8.245275621000474, "close_1": 11.168080609000754, "open_1": 14.186730240002362, "close_2": 17.109137514002214, "open_2": 20.13863943600154}