{"baseline": 5.213927034004882, "close_0": 5.213932106002176, "open_0": 8.233540222005104, "close_1": 11.146601888998703, "open_1": 14.175074680999387, "close_2": 17.08716704700055, "open_2": 20.10570918900339}