{"baseline": 5.204789496005105, "close_0": 5.204793621000135, "open_0": 8.224912559002405, "close_1": 11.147816459000751, "open_1": 14.167319926003984, "close_2": 17.08951006300049, "open_2": 20.108582241002296}