{"baseline": 5.193419237999478, "close_0": 5.193423766002525, "open_0": 8.224576956999954, "close_1": 11.136254165001446, "open_1": 14.154760777004412, "close_2": 17.066771078003512, "open_2": 20.085609812005714}