{"baseline": 5.193530196003849, "close_0": 5.193540316999133, "open_0": 8.222185833001276, "close_1": 11.13404662800167, "open_1": 14.152725026004191, "close_2": 17.06476251999993, "open_2": 20.093955008000194}