{"baseline": 5.192416829995636, "close_0": 5.1924212019948754, "open_0": 8.211997297999915, "close_1": 11.134732434999023, "open_1": 14.16381627699593, "close_2": 17.086528005995206, "open_2": 20.117450524994638}