{"baseline": 5.225676426001883, "close_0": 5.225680392999493, "open_0": 8.254579979999107, "close_1": 11.177280736999819, "open_1": 14.194970625998394, "close_2": 17.11806636500114, "open_2": 20.14744827800314}