{"baseline": 5.20192367999698, "close_0": 5.201929016999202, "open_0": 8.232729999996081, "close_1": 11.155422067000472, "open_1": 14.185996971995337, "close_2": 17.108124455000507, "open_2": 20.13663915899815}