{"baseline": 5.201412757996877, "close_0": 5.201417373995355, "open_0": 8.221079865994398, "close_1": 11.133424499996181, "open_1": 14.17287493099866, "close_2": 17.085256389997085, "open_2": 20.114438425000117}