{"baseline": 5.1929301700001815, "close_0": 5.192934352002339, "open_0": 8.223145579002448, "close_1": 11.146905123998295, "open_1": 14.176434483997582, "close_2": 17.09831690399733, "open_2": 20.13887645700015}