{"baseline": 5.204115515000012, "close_0": 5.204120309001155, "open_0": 8.235138695999922, "close_1": 11.147669574998872, "open_1": 14.175788315002137, "close_2": 17.099829163998947, "open_2": 20.129187049999018}