{"baseline": 5.242945924001106, "close_0": 5.242950302999816, "open_0": 8.273393718998705, "close_1": 11.206830950999574, "open_1": 14.22615939699972, "close_2": 17.148021238001093, "open_2": 20.189307141001336}