{"baseline": 5.184687999004382, "close_0": 5.184692401002394, "open_0": 8.215363041999808, "close_1": 11.137804907004465, "open_1": 14.167045237998536, "close_2": 17.090631072001997, "open_2": 20.10956639300275}