{"baseline": 5.172084477999306, "close_0": 5.172088906998397, "open_0": 8.203941576000943, "close_1": 11.125658368997392, "open_1": 14.14492746599717, "close_2": 17.06723480099754, "open_2": 20.097232143001747}