{"baseline": 5.212140283001645, "close_0": 5.212145268997119, "open_0": 8.232082181995793, "close_1": 11.143793679999362, "open_1": 14.173484635997738, "close_2": 17.08534835500177, "open_2": 20.103856519002875}