{"baseline": 5.213689337004325, "close_0": 5.21369385500293, "open_0": 8.24453299400193, "close_1": 11.16732924200187, "open_1": 14.185640707000857, "close_2": 17.097811239000293, "open_2": 20.11757400600618}