{"baseline": 5.195174727996346, "close_0": 5.195179233996896, "open_0": 8.226150675000099, "close_1": 11.137386492999212, "open_1": 14.167492116997892, "close_2": 17.089294535995577, "open_2": 20.118753228998685}