{"baseline": 5.180114670001785, "close_0": 5.180119323995314, "open_0": 8.20990663900011, "close_1": 11.121789906996128, "open_1": 14.141006132995244, "close_2": 17.063520962998155, "open_2": 20.082967809001275}