{"baseline": 5.215935074997105, "close_0": 5.215941353999369, "open_0": 8.257495204998122, "close_1": 11.179823069996928, "open_1": 14.208881087997725, "close_2": 17.142197242999828, "open_2": 20.17152803299905}