{"baseline": 5.21336818599957, "close_0": 5.213372713998979, "open_0": 8.25353804399856, "close_1": 11.176051140999334, "open_1": 14.205628711999452, "close_2": 17.1293202199995, "open_2": 20.104751434999343}