{"baseline": 5.2233254029997624, "close_0": 5.223329481999826, "open_0": 8.243032578000566, "close_1": 11.154874194999138, "open_1": 14.227384757999971, "close_2": 17.191683921999356, "open_2": 20.22194204599873}