{"baseline": 5.194982144999813, "close_0": 5.1949867860003, "open_0": 8.215002877999723, "close_1": 11.127866033999453, "open_1": 14.157180940999751, "close_2": 17.07905708599901, "open_2": 20.10828737799966}