{"baseline": 5.203765193000436, "close_0": 5.2037696029983636, "open_0": 8.23435876700023, "close_1": 11.157407849001174, "open_1": 14.17560661799871, "close_2": 17.087605542998062, "open_2": 20.106401007000386}