{"baseline": 5.205410579001182, "close_0": 5.205415412001457, "open_0": 8.236081294999167, "close_1": 11.158928320000996, "open_1": 14.188139267000224, "close_2": 17.10031097400133, "open_2": 20.129507829999056}