{"baseline": 5.227424507000251, "close_0": 5.227429091999511, "open_0": 8.257856013999117, "close_1": 11.181113573999028, "open_1": 14.20034215600026, "close_2": 17.121827269998903, "open_2": 20.140300659000786}