{"baseline": 5.206449184999656, "close_0": 5.206454555998789, "open_0": 8.225144893000106, "close_1": 11.138076604998787, "open_1": 14.166588608000893, "close_2": 17.078227517002233, "open_2": 20.108165238001675}