{"baseline": 5.247583926997322, "close_0": 5.247588379999797, "open_0": 8.28740625499995, "close_1": 11.210453326999414, "open_1": 14.228991041996778, "close_2": 17.151766473998578, "open_2": 20.181677016997128}