{"baseline": 5.174568688002182, "close_0": 5.174573121999856, "open_0": 8.204528973990818, "close_1": 11.127407382999081, "open_1": 14.156544106997899, "close_2": 17.06857801899605, "open_2": 20.099196608003695}