{"baseline": 5.205644328991184, "close_0": 5.205648431990994, "open_0": 8.235338454003795, "close_1": 11.14746123200166, "open_1": 14.166168552997988, "close_2": 17.089088818000164, "open_2": 20.107410500000697}