{"baseline": 5.213908460005769, "close_0": 5.21391341999697, "open_0": 8.245154821997858, "close_1": 11.166908055005479, "open_1": 14.196843989993795, "close_2": 17.108220445006737, "open_2": 20.12695564099704}