{"baseline": 5.202115510001022, "close_0": 5.202120570000261, "open_0": 8.232350318001409, "close_1": 11.144496561995766, "open_1": 14.174030943002435, "close_2": 17.086899014000664, "open_2": 20.104901630002132}