{"baseline": 5.25756954800454, "close_0": 5.25757411000086, "open_0": 8.289098474000639, "close_1": 11.210375018003106, "open_1": 14.229284239998378, "close_2": 17.141857792004885, "open_2": 20.17139520100318}