{"baseline": 5.2032207130032475, "close_0": 5.203225472003396, "open_0": 8.234073831001297, "close_1": 11.145748888004164, "open_1": 14.17507953200402, "close_2": 17.098788927003625, "open_2": 20.127089755005727}